Product ID,Product Name,Category,Field ID,Field Label,Field Name,Field Type,Is Required,Field Order,Price Affecting,Options (JSON)
6,Annual Reports Printing,Book Printing,,NO FIELDS,,,,,,
5,Art Book Printing,Book Printing,,NO FIELDS,,,,,,
1,Children's Book Printing,Book Printing,373,Interior Color,interior_color,radio,True,1,True,"[{""value"": ""bw_premium"", ""label"": ""Black & White Premium"", ""price_modifier"": 0}, {""value"": ""bw_standard"", ""label"": ""Black & White Standard"", ""price_modifier"": -20}, {""value"": ""color_premium"", ""label"": ""Color Premium"", ""price_modifier"": 150}, {""value"": ""color_standard"", ""label"": ""Color Standard"", ""price_modifier"": 100}, {""value"": ""combine_color"", ""label"": ""Combine Color"", ""price_modifier"": 75}]"
1,Children's Book Printing,Book Printing,374,Page Count,page_count,number,True,1,True,
1,Children's Book Printing,Book Printing,379,Binding Type,binding_type,select,True,1,True,"[{""value"": ""saddle_stitch"", ""label"": ""Saddle Stitch"", ""price_modifier"": 0}, {""value"": ""spiral_binding"", ""label"": ""Spiral Binding"", ""price_modifier"": 30}, {""value"": ""paperback"", ""label"": ""Paperback (Perfect)"", ""price_modifier"": 50}, {""value"": ""hardcover"", ""label"": ""Hardcover"", ""price_modifier"": 200}]"
1,Children's Book Printing,Book Printing,381,Designing And Formatting,design_service,radio,True,1,True,"[{""value"": ""not_required"", ""label"": ""Not Required"", ""price_modifier"": 0}, {""value"": ""yes_you_can"", ""label"": ""Yes You Can"", ""price_modifier"": 1500, ""description"": ""Rs.1500/- Extra Per Cover Page And Rs. 50 Extra Per Inner Page""}]"
1,Children's Book Printing,Book Printing,383,Number of Copies,copies,number,True,1,True,
1,Children's Book Printing,Book Printing,375,Black and White Page Count,bw_page_count,number,True,2,True,
1,Children's Book Printing,Book Printing,380,Cover Finish,cover_finish,radio,True,2,True,"[{""value"": ""glossy"", ""label"": ""Glossy"", ""price_modifier"": 25}, {""value"": ""matte"", ""label"": ""Matte"", ""price_modifier"": 20}]"
1,Children's Book Printing,Book Printing,382,ISBN Allocation,isbn_allocation,radio,True,2,True,"[{""value"": ""not_apply"", ""label"": ""Not Apply"", ""price_modifier"": 0}, {""value"": ""yes_assign"", ""label"": ""Yes Assign a Unique ISBN Number"", ""price_modifier"": 500}]"
1,Children's Book Printing,Book Printing,376,Color Page Count,color_page_count,number,True,3,True,
1,Children's Book Printing,Book Printing,377,Book Size And Page Count,book_size,select,True,4,True,"[{""value"": ""a4"", ""label"": ""A4"", ""price_modifier"": 0}, {""value"": ""letter"", ""label"": ""Letter"", ""price_modifier"": 5}, {""value"": ""executive"", ""label"": ""Executive"", ""price_modifier"": -10}, {""value"": ""a5"", ""label"": ""A5"", ""price_modifier"": -25}]"
1,Children's Book Printing,Book Printing,378,Paper Type,paper_type,select,True,5,True,"[{""value"": ""75gsm"", ""label"": ""75 GSM"", ""price_modifier"": 0}, {""value"": ""100gsm"", ""label"": ""100 GSM"", ""price_modifier"": 25}, {""value"": ""100gsm_art"", ""label"": ""100 GSM Art Paper"", ""price_modifier"": 50}, {""value"": ""120gsm_art"", ""label"": ""120 GSM Art Paper"", ""price_modifier"": 75}]"
3,Coffee Table Book Printing,Book Printing,,NO FIELDS,,,,,,
4,Coloring Book Printing,Book Printing,,NO FIELDS,,,,,,
2,Comic Book Printing,Book Printing,,NO FIELDS,,,,,,
7,Year Book Printing,Book Printing,,NO FIELDS,,,,,,
8,on Demand Books Printing,Book Printing,,NO FIELDS,,,,,,
84,Banner Media,Marketing Material,1010,Material,material,select,True,1,True,"[{""value"": ""4286"", ""label"": ""Premium Fabric Banner"", ""price_modifier"": 0}]"
84,Banner Media,Marketing Material,1011,Size (W x H),size_w_x_h,select,True,2,True,"[{""value"": ""2ft x 2ft"", ""label"": ""2ft x 2ft"", ""price_modifier"": 0}, {""value"": ""3ft x 2ft"", ""label"": ""3ft x 2ft"", ""price_modifier"": 0}, {""value"": ""4ft x 2ft"", ""label"": ""4ft x 2ft"", ""price_modifier"": 0}, {""value"": ""4ft x 3ft"", ""label"": ""4ft x 3ft"", ""price_modifier"": 0}, {""value"": ""6ft x 4ft"", ""label"": ""6ft x 4ft"", ""price_modifier"": 0}, {""value"": ""8ft x 4ft"", ""label"": ""8ft x 4ft"", ""price_modifier"": 0}, {""value"": ""Custom Size"", ""label"": ""Custom Size"", ""price_modifier"": 0}]"
84,Banner Media,Marketing Material,1012,Quantity,quantity,number,True,3,True,"[{""value"": ""1"", ""label"": ""1"", ""price_modifier"": 0}, {""value"": ""2"", ""label"": ""2"", ""price_modifier"": 0}, {""value"": ""3"", ""label"": ""3"", ""price_modifier"": 0}, {""value"": ""4"", ""label"": ""4"", ""price_modifier"": 0}, {""value"": ""5"", ""label"": ""5"", ""price_modifier"": 0}, {""value"": ""6"", ""label"": ""6"", ""price_modifier"": 0}, {""value"": ""8"", ""label"": ""8"", ""price_modifier"": 0}, {""value"": ""10"", ""label"": ""10"", ""price_modifier"": 0}, {""value"": ""15"", ""label"": ""15"", ""price_modifier"": 0}, {""value"": ""20"", ""label"": ""20"", ""price_modifier"": 0}, {""value"": ""25"", ""label"": ""25"", ""price_modifier"": 0}, {""value"": ""35"", ""label"": ""35"", ""price_modifier"": 0}, {""value"": ""50"", ""label"": ""50"", ""price_modifier"": 0}, {""value"": ""75"", ""label"": ""75"", ""price_modifier"": 0}, {""value"": ""100"", ""label"": ""100"", ""price_modifier"": 0}]"
45,Bi-fold Brochure,Marketing Material,1108,Paper & Print Type,paper_print_type,select,True,1,True,"[{""value"": ""300gsm Standard Board"", ""label"": ""300gsm Standard Board"", ""price_modifier"": 0}, {""value"": ""300gsm Ivory Texture"", ""label"": ""300gsm Ivory Texture"", ""price_modifier"": 0}, {""value"": ""Matt Finish (300gsm)"", ""label"": ""Matt Finish (300gsm)"", ""price_modifier"": 0}]"
45,Bi-fold Brochure,Marketing Material,1109,Closed Size,closed_size,select,True,2,True,"[{""value"": ""A5 Size - 5.8 x 8.3in"", ""label"": ""A5 Size - 5.8 x 8.3in"", ""price_modifier"": 0}, {""value"": ""A4 Size - 8.27 x 11.69in"", ""label"": ""A4 Size - 8.27 x 11.69in"", ""price_modifier"": 0}]"
45,Bi-fold Brochure,Marketing Material,1110,Quantity,quantity,select,True,3,True,"[{""value"": ""25"", ""label"": ""25"", ""price_modifier"": 0}, {""value"": ""50"", ""label"": ""50"", ""price_modifier"": 0}, {""value"": ""100"", ""label"": ""100"", ""price_modifier"": 0}, {""value"": ""150"", ""label"": ""150"", ""price_modifier"": 0}, {""value"": ""200"", ""label"": ""200"", ""price_modifier"": 0}, {""value"": ""250"", ""label"": ""250"", ""price_modifier"": 0}, {""value"": ""300"", ""label"": ""300"", ""price_modifier"": 0}, {""value"": ""400"", ""label"": ""400"", ""price_modifier"": 0}, {""value"": ""500"", ""label"": ""500"", ""price_modifier"": 0}, {""value"": ""600"", ""label"": ""600"", ""price_modifier"": 0}, {""value"": ""700"", ""label"": ""700"", ""price_modifier"": 0}, {""value"": ""800"", ""label"": ""800"", ""price_modifier"": 0}, {""value"": ""900"", ""label"": ""900"", ""price_modifier"": 0}, {""value"": ""1000"", ""label"": ""1000"", ""price_modifier"": 0}, {""value"": ""1500"", ""label"": ""1500"", ""price_modifier"": 0}, {""value"": ""2000"", ""label"": ""2000"", ""price_modifier"": 0}, {""value"": ""3000"", ""label"": ""3000"", ""price_modifier"": 0}, {""value"": ""4000"", ""label"": ""4000"", ""price_modifier"": 0}, {""value"": ""5000"", ""label"": ""5000"", ""price_modifier"": 0}]"
78,Black & White,Marketing Material,944,Paper Type,paper,select,True,1,True,"[{""value"": ""90 GSM Art Paper"", ""label"": ""90 GSM Art Paper"", ""price_modifier"": 0}, {""value"": ""130 GSM Gloss"", ""label"": ""130 GSM Gloss"", ""price_modifier"": 20}]"
78,Black & White,Marketing Material,945,Quantity,quantity,number,True,10,False,
40,Button Badges,Marketing Material,1188,Size,size,select,True,1,True,"[{""value"": ""40 mm Dia (Small Size)"", ""label"": ""40 mm Dia (Small Size)"", ""price_modifier"": 0}, {""value"": ""60 mm Dia (Big Size)"", ""label"": ""60 mm Dia (Big Size)"", ""price_modifier"": 0}]"
40,Button Badges,Marketing Material,1189,Qty.,qty,select,True,2,True,"[{""value"": ""100"", ""label"": ""100"", ""price_modifier"": 0}, {""value"": ""200"", ""label"": ""200"", ""price_modifier"": 0}, {""value"": ""300"", ""label"": ""300"", ""price_modifier"": 0}, {""value"": ""400"", ""label"": ""400"", ""price_modifier"": 0}, {""value"": ""500"", ""label"": ""500"", ""price_modifier"": 0}]"
39,Certificates,Marketing Material,1193,Size,size,select,True,1,True,"[{""value"": ""A-5 (5.8 x 8.3 inches)"", ""label"": ""A-5 (5.8 x 8.3 inches)"", ""price_modifier"": 0}, {""value"": ""A-4 (11.7 x 8.3 inches)"", ""label"": ""A-4 (11.7 x 8.3 inches)"", ""price_modifier"": 0}, {""value"": ""A-3 (11.7 x 16.5 inches)"", ""label"": ""A-3 (11.7 x 16.5 inches)"", ""price_modifier"": 0}]"
39,Certificates,Marketing Material,1194,Select Paper Material,select_paper_material,select,True,2,True,"[{""value"": ""350 Gsm Art paper"", ""label"": ""350 Gsm Art paper"", ""price_modifier"": 0}, {""value"": ""300 Gsm Art paper"", ""label"": ""300 Gsm Art paper"", ""price_modifier"": 0}]"
39,Certificates,Marketing Material,1195,Qty.,qty,select,True,3,True,"[{""value"": ""100"", ""label"": ""100"", ""price_modifier"": 0}, {""value"": ""200"", ""label"": ""200"", ""price_modifier"": 0}, {""value"": ""300"", ""label"": ""300"", ""price_modifier"": 0}, {""value"": ""400"", ""label"": ""400"", ""price_modifier"": 0}, {""value"": ""500"", ""label"": ""500"", ""price_modifier"": 0}]"
80,Classic Shape,Marketing Material,950,Paper Type,paper,select,True,1,True,"[{""value"": ""300 GSM Card"", ""label"": ""300 GSM Card"", ""price_modifier"": 0}, {""value"": ""Sunboard"", ""label"": ""Sunboard"", ""price_modifier"": 150}]"
80,Classic Shape,Marketing Material,951,Quantity,quantity,number,True,10,False,
97,Colour,Marketing Material,946,Paper Type,paper,select,True,1,True,"[{""value"": ""90 GSM Art Paper"", ""label"": ""90 GSM Art Paper"", ""price_modifier"": 0}, {""value"": ""130 GSM Gloss"", ""label"": ""130 GSM Gloss"", ""price_modifier"": 20}]"
97,Colour,Marketing Material,947,Quantity,quantity,number,True,10,False,
77,Custom Size,Marketing Material,1261,Size,size,select,True,1,True,"[{""value"": ""A-3"", ""label"": ""A-3"", ""price_modifier"": 0}, {""value"": ""A-4"", ""label"": ""A-4"", ""price_modifier"": 0}, {""value"": ""Custom Size"", ""label"": ""Custom Size"", ""price_modifier"": 0}]"
77,Custom Size,Marketing Material,1262,Paper Quality,paper_quality,select,True,2,True,"[{""value"": ""170 Gsm"", ""label"": ""170 Gsm"", ""price_modifier"": 0}, {""value"": ""250 Gsm"", ""label"": ""250 Gsm"", ""price_modifier"": 0}, {""value"": ""300 Gsm"", ""label"": ""300 Gsm"", ""price_modifier"": 0}]"
77,Custom Size,Marketing Material,1263,Lamination,lamination,select,True,3,True,"[{""value"": ""None"", ""label"": ""None"", ""price_modifier"": 0}, {""value"": ""Matt Lamination"", ""label"": ""Matt Lamination"", ""price_modifier"": 0}, {""value"": ""Gloss Lamination"", ""label"": ""Gloss Lamination"", ""price_modifier"": 0}]"
77,Custom Size,Marketing Material,1264,Printed Sides,printed_sides,select,True,4,True,"[{""value"": ""Single Side"", ""label"": ""Single Side"", ""price_modifier"": 0}]"
77,Custom Size,Marketing Material,1265,Glued Edges,glued_edges,select,True,5,True,"[{""value"": ""None"", ""label"": ""None"", ""price_modifier"": 0}, {""value"": ""0.5 inch Wide Glued Edges"", ""label"": ""0.5 inch Wide Glued Edges"", ""price_modifier"": 0}]"
77,Custom Size,Marketing Material,1266,Corner Style,corner_style,select,True,6,True,"[{""value"": ""Straight Corners"", ""label"": ""Straight Corners"", ""price_modifier"": 0}]"
77,Custom Size,Marketing Material,1267,Qty.,qty,select,True,7,True,"[{""value"": ""100"", ""label"": ""100"", ""price_modifier"": 0}, {""value"": ""200"", ""label"": ""200"", ""price_modifier"": 0}, {""value"": ""300"", ""label"": ""300"", ""price_modifier"": 0}, {""value"": ""400"", ""label"": ""400"", ""price_modifier"": 0}, {""value"": ""500"", ""label"": ""500"", ""price_modifier"": 0}]"
82,Custom/Any Other Shape,Marketing Material,954,Paper Type,paper,select,True,1,True,"[{""value"": ""300 GSM Card"", ""label"": ""300 GSM Card"", ""price_modifier"": 0}, {""value"": ""Sunboard"", ""label"": ""Sunboard"", ""price_modifier"": 150}]"
82,Custom/Any Other Shape,Marketing Material,955,Quantity,quantity,number,True,10,False,
79,Normal Shape,Marketing Material,948,Paper Type,paper,select,True,1,True,"[{""value"": ""300 GSM Card"", ""label"": ""300 GSM Card"", ""price_modifier"": 0}, {""value"": ""Sunboard"", ""label"": ""Sunboard"", ""price_modifier"": 150}]"
79,Normal Shape,Marketing Material,949,Quantity,quantity,number,True,10,False,
83,Premium Flex,Marketing Material,956,Quantity,quantity,number,True,10,False,
81,Round Shape,Marketing Material,952,Paper Type,paper,select,True,1,True,"[{""value"": ""300 GSM Card"", ""label"": ""300 GSM Card"", ""price_modifier"": 0}, {""value"": ""Sunboard"", ""label"": ""Sunboard"", ""price_modifier"": 150}]"
81,Round Shape,Marketing Material,953,Quantity,quantity,number,True,10,False,
76,Size A-3,Marketing Material,1247,Size,size,select,True,1,True,"[{""value"": ""A-3"", ""label"": ""A-3"", ""price_modifier"": 0}, {""value"": ""A-4"", ""label"": ""A-4"", ""price_modifier"": 0}, {""value"": ""Custom Size"", ""label"": ""Custom Size"", ""price_modifier"": 0}]"
76,Size A-3,Marketing Material,1248,Paper Quality,paper_quality,select,True,2,True,"[{""value"": ""170 Gsm"", ""label"": ""170 Gsm"", ""price_modifier"": 0}, {""value"": ""250 Gsm"", ""label"": ""250 Gsm"", ""price_modifier"": 0}, {""value"": ""300 Gsm"", ""label"": ""300 Gsm"", ""price_modifier"": 0}]"
76,Size A-3,Marketing Material,1249,Lamination,lamination,select,True,3,True,"[{""value"": ""None"", ""label"": ""None"", ""price_modifier"": 0}, {""value"": ""Matt Lamination"", ""label"": ""Matt Lamination"", ""price_modifier"": 0}, {""value"": ""Gloss Lamination"", ""label"": ""Gloss Lamination"", ""price_modifier"": 0}]"
76,Size A-3,Marketing Material,1250,Printed Sides,printed_sides,select,True,4,True,"[{""value"": ""Single Side"", ""label"": ""Single Side"", ""price_modifier"": 0}]"
76,Size A-3,Marketing Material,1251,Glued Edges,glued_edges,select,True,5,True,"[{""value"": ""None"", ""label"": ""None"", ""price_modifier"": 0}, {""value"": ""0.5 inch Wide Glued Edges"", ""label"": ""0.5 inch Wide Glued Edges"", ""price_modifier"": 0}]"
76,Size A-3,Marketing Material,1252,Corner Style,corner_style,select,True,6,True,"[{""value"": ""Straight Corners"", ""label"": ""Straight Corners"", ""price_modifier"": 0}]"
76,Size A-3,Marketing Material,1253,Qty.,qty,select,True,7,True,"[{""value"": ""100"", ""label"": ""100"", ""price_modifier"": 0}, {""value"": ""200"", ""label"": ""200"", ""price_modifier"": 0}, {""value"": ""300"", ""label"": ""300"", ""price_modifier"": 0}, {""value"": ""400"", ""label"": ""400"", ""price_modifier"": 0}, {""value"": ""500"", ""label"": ""500"", ""price_modifier"": 0}]"
75,Size A-4,Marketing Material,1254,Size,size,select,True,1,True,"[{""value"": ""A-3"", ""label"": ""A-3"", ""price_modifier"": 0}, {""value"": ""A-4"", ""label"": ""A-4"", ""price_modifier"": 0}, {""value"": ""Custom Size"", ""label"": ""Custom Size"", ""price_modifier"": 0}]"
75,Size A-4,Marketing Material,1255,Paper Quality,paper_quality,select,True,2,True,"[{""value"": ""170 Gsm"", ""label"": ""170 Gsm"", ""price_modifier"": 0}, {""value"": ""250 Gsm"", ""label"": ""250 Gsm"", ""price_modifier"": 0}, {""value"": ""300 Gsm"", ""label"": ""300 Gsm"", ""price_modifier"": 0}]"
75,Size A-4,Marketing Material,1256,Lamination,lamination,select,True,3,True,"[{""value"": ""None"", ""label"": ""None"", ""price_modifier"": 0}, {""value"": ""Matt Lamination"", ""label"": ""Matt Lamination"", ""price_modifier"": 0}, {""value"": ""Gloss Lamination"", ""label"": ""Gloss Lamination"", ""price_modifier"": 0}]"
75,Size A-4,Marketing Material,1257,Printed Sides,printed_sides,select,True,4,True,"[{""value"": ""Single Side"", ""label"": ""Single Side"", ""price_modifier"": 0}]"
75,Size A-4,Marketing Material,1258,Glued Edges,glued_edges,select,True,5,True,"[{""value"": ""None"", ""label"": ""None"", ""price_modifier"": 0}, {""value"": ""0.5 inch Wide Glued Edges"", ""label"": ""0.5 inch Wide Glued Edges"", ""price_modifier"": 0}]"
75,Size A-4,Marketing Material,1259,Corner Style,corner_style,select,True,6,True,"[{""value"": ""Straight Corners"", ""label"": ""Straight Corners"", ""price_modifier"": 0}]"
75,Size A-4,Marketing Material,1260,Qty.,qty,select,True,7,True,"[{""value"": ""100"", ""label"": ""100"", ""price_modifier"": 0}, {""value"": ""200"", ""label"": ""200"", ""price_modifier"": 0}, {""value"": ""300"", ""label"": ""300"", ""price_modifier"": 0}, {""value"": ""400"", ""label"": ""400"", ""price_modifier"": 0}, {""value"": ""500"", ""label"": ""500"", ""price_modifier"": 0}]"
98,Tent Card,Marketing Material,1190,Size,size,select,True,1,True,"[{""value"": ""A-5 (5.8 x 8.3 inches) Portrait"", ""label"": ""A-5 (5.8 x 8.3 inches) Portrait"", ""price_modifier"": 0}, {""value"": ""A-4 (11.7 x 8.3 inches) Landscape"", ""label"": ""A-4 (11.7 x 8.3 inches) Landscape"", ""price_modifier"": 0}, {""value"": ""A-5 (8.3 x 5.8 inches) Landscape"", ""label"": ""A-5 (8.3 x 5.8 inches) Landscape"", ""price_modifier"": 0}, {""value"": ""A-6 (4.1 x 5.8 inches) Portrait"", ""label"": ""A-6 (4.1 x 5.8 inches) Portrait"", ""price_modifier"": 0}, {""value"": ""A-6 (5.8 x 4.1 inches) Landscape"", ""label"": ""A-6 (5.8 x 4.1 inches) Landscape"", ""price_modifier"": 0}]"
98,Tent Card,Marketing Material,1191,Select Paper Material,select_paper_material,select,True,2,True,"[{""value"": ""250 Gsm Art paper"", ""label"": ""250 Gsm Art paper"", ""price_modifier"": 0}, {""value"": ""300 Gsm Art paper"", ""label"": ""300 Gsm Art paper"", ""price_modifier"": 0}]"
98,Tent Card,Marketing Material,1192,Qty.,qty,select,True,3,True,"[{""value"": ""100"", ""label"": ""100"", ""price_modifier"": 0}, {""value"": ""200"", ""label"": ""200"", ""price_modifier"": 0}, {""value"": ""300"", ""label"": ""300"", ""price_modifier"": 0}, {""value"": ""400"", ""label"": ""400"", ""price_modifier"": 0}, {""value"": ""500"", ""label"": ""500"", ""price_modifier"": 0}]"
46,Tri-fold Brochure,Marketing Material,1136,Paper & Print Type,paper_print_type,select,True,1,True,"[{""value"": ""170gsm Standard Paper"", ""label"": ""170gsm Standard Paper"", ""price_modifier"": 0}, {""value"": ""250gsm Standard Paper"", ""label"": ""250gsm Standard Paper"", ""price_modifier"": 0}]"
46,Tri-fold Brochure,Marketing Material,1137,Quantity,quantity,select,True,2,True,"[{""value"": ""25"", ""label"": ""25"", ""price_modifier"": 0}, {""value"": ""50"", ""label"": ""50"", ""price_modifier"": 0}, {""value"": ""100"", ""label"": ""100"", ""price_modifier"": 0}, {""value"": ""150"", ""label"": ""150"", ""price_modifier"": 0}, {""value"": ""200"", ""label"": ""200"", ""price_modifier"": 0}, {""value"": ""250"", ""label"": ""250"", ""price_modifier"": 0}, {""value"": ""300"", ""label"": ""300"", ""price_modifier"": 0}, {""value"": ""400"", ""label"": ""400"", ""price_modifier"": 0}, {""value"": ""500"", ""label"": ""500"", ""price_modifier"": 0}, {""value"": ""600"", ""label"": ""600"", ""price_modifier"": 0}, {""value"": ""700"", ""label"": ""700"", ""price_modifier"": 0}, {""value"": ""800"", ""label"": ""800"", ""price_modifier"": 0}, {""value"": ""900"", ""label"": ""900"", ""price_modifier"": 0}, {""value"": ""1000"", ""label"": ""1000"", ""price_modifier"": 0}, {""value"": ""1500"", ""label"": ""1500"", ""price_modifier"": 0}, {""value"": ""2000"", ""label"": ""2000"", ""price_modifier"": 0}, {""value"": ""3000"", ""label"": ""3000"", ""price_modifier"": 0}, {""value"": ""4000"", ""label"": ""4000"", ""price_modifier"": 0}, {""value"": ""5000"", ""label"": ""5000"", ""price_modifier"": 0}]"
46,Tri-fold Brochure,Marketing Material,1138,Open Size,open_size,select,True,3,True,"[{""value"": ""170gsm Standard Paper"", ""label"": ""170gsm Standard Paper"", ""price_modifier"": 0}, {""value"": ""250gsm Standard Paper"", ""label"": ""250gsm Standard Paper"", ""price_modifier"": 0}]"
89,Address Labels,Paper Boxes,1185,Shape,shape,select,True,1,True,"[{""value"": ""Round"", ""label"": ""Round"", ""price_modifier"": 0}, {""value"": ""Square / Rectangle"", ""label"": ""Square / Rectangle"", ""price_modifier"": 0}, {""value"": ""Round Edge Square/ Rectangle"", ""label"": ""Round Edge Square/ Rectangle"", ""price_modifier"": 0}, {""value"": ""Oval"", ""label"": ""Oval"", ""price_modifier"": 0}, {""value"": ""Custom/Any Shape"", ""label"": ""Custom/Any Shape"", ""price_modifier"": 0}, {""value"": ""Arch"", ""label"": ""Arch"", ""price_modifier"": 0}]"
89,Address Labels,Paper Boxes,1186,Size,size,select,True,2,True,"[{""value"": ""2in x 2in"", ""label"": ""2in x 2in"", ""price_modifier"": 0}, {""value"": ""1in x 1in"", ""label"": ""1in x 1in"", ""price_modifier"": 0}, {""value"": ""1in x 2in"", ""label"": ""1in x 2in"", ""price_modifier"": 0}, {""value"": ""1.5in x 1.5in"", ""label"": ""1.5in x 1.5in"", ""price_modifier"": 0}, {""value"": ""1.5in x 3in"", ""label"": ""1.5in x 3in"", ""price_modifier"": 0}, {""value"": ""2in x 3in"", ""label"": ""2in x 3in"", ""price_modifier"": 0}, {""value"": ""2in x 4in"", ""label"": ""2in x 4in"", ""price_modifier"": 0}, {""value"": ""2.5in x 2.5in"", ""label"": ""2.5in x 2.5in"", ""price_modifier"": 0}, {""value"": ""2.5in x 4in"", ""label"": ""2.5in x 4in"", ""price_modifier"": 0}, {""value"": ""3in x 3in"", ""label"": ""3in x 3in"", ""price_modifier"": 0}, {""value"": ""3in x 4in"", ""label"": ""3in x 4in"", ""price_modifier"": 0}, {""value"": ""3in x 6in"", ""label"": ""3in x 6in"", ""price_modifier"": 0}, {""value"": ""3in x 8in"", ""label"": ""3in x 8in"", ""price_modifier"": 0}, {""value"": ""4in x 4in"", ""label"": ""4in x 4in"", ""price_modifier"": 0}, {""value"": ""4in x 6in"", ""label"": ""4in x 6in"", ""price_modifier"": 0}, {""value"": ""4in x 8in"", ""label"": ""4in x 8in"", ""price_modifier"": 0}, {""value"": ""6in x 6in"", ""label"": ""6in x 6in"", ""price_modifier"": 0}, {""value"": ""Custom Size"", ""label"": ""Custom Size"", ""price_modifier"": 0}]"
89,Address Labels,Paper Boxes,1187,Quantity,quantity,select,True,3,True,"[{""value"": ""25"", ""label"": ""25"", ""price_modifier"": 0}, {""value"": ""50"", ""label"": ""50"", ""price_modifier"": 0}, {""value"": ""100"", ""label"": ""100"", ""price_modifier"": 0}, {""value"": ""200"", ""label"": ""200"", ""price_modifier"": 0}, {""value"": ""300"", ""label"": ""300"", ""price_modifier"": 0}, {""value"": ""400"", ""label"": ""400"", ""price_modifier"": 0}, {""value"": ""500"", ""label"": ""500"", ""price_modifier"": 0}, {""value"": ""750"", ""label"": ""750"", ""price_modifier"": 0}, {""value"": ""1000"", ""label"": ""1000"", ""price_modifier"": 0}, {""value"": ""1250"", ""label"": ""1250"", ""price_modifier"": 0}, {""value"": ""1500"", ""label"": ""1500"", ""price_modifier"": 0}, {""value"": ""2000"", ""label"": ""2000"", ""price_modifier"": 0}, {""value"": ""3000"", ""label"": ""3000"", ""price_modifier"": 0}, {""value"": ""4000"", ""label"": ""4000"", ""price_modifier"": 0}, {""value"": ""5000"", ""label"": ""5000"", ""price_modifier"": 0}, {""value"": ""7500"", ""label"": ""7500"", ""price_modifier"": 0}, {""value"": ""10000"", ""label"": ""10000"", ""price_modifier"": 0}, {""value"": ""20000"", ""label"": ""20000"", ""price_modifier"": 0}]"
90,Barcode Labels,Paper Boxes,970,Paper Type,paper,select,True,1,True,"[{""value"": ""Chromolabel (Paper)"", ""label"": ""Chromolabel (Paper)"", ""price_modifier"": 0}, {""value"": ""Transparent PVC"", ""label"": ""Transparent PVC"", ""price_modifier"": 50}, {""value"": ""White Vinyl"", ""label"": ""White Vinyl"", ""price_modifier"": 60}]"
90,Barcode Labels,Paper Boxes,971,Finishing,finish,select,False,2,True,"[{""value"": ""Kiss Cut"", ""label"": ""Kiss Cut"", ""price_modifier"": 10}, {""value"": ""Die Cut"", ""label"": ""Die Cut"", ""price_modifier"": 20}]"
90,Barcode Labels,Paper Boxes,972,Quantity,quantity,number,True,10,False,
91,Circle Stickers,Paper Boxes,973,Paper Type,paper,select,True,1,True,"[{""value"": ""Chromolabel (Paper)"", ""label"": ""Chromolabel (Paper)"", ""price_modifier"": 0}, {""value"": ""Transparent PVC"", ""label"": ""Transparent PVC"", ""price_modifier"": 50}, {""value"": ""White Vinyl"", ""label"": ""White Vinyl"", ""price_modifier"": 60}]"
91,Circle Stickers,Paper Boxes,974,Finishing,finish,select,False,2,True,"[{""value"": ""Kiss Cut"", ""label"": ""Kiss Cut"", ""price_modifier"": 10}, {""value"": ""Die Cut"", ""label"": ""Die Cut"", ""price_modifier"": 20}]"
91,Circle Stickers,Paper Boxes,975,Quantity,quantity,number,True,10,False,
86,Custom Paper Boxes,Paper Boxes,1234,Size L x W x H,size_l_x_w_x_h,select,True,1,True,"[{""value"": ""1.5 x 1.5 x 4 inch"", ""label"": ""1.5 x 1.5 x 4 inch"", ""price_modifier"": 0}, {""value"": ""2 x 2 x 2 inch"", ""label"": ""2 x 2 x 2 inch"", ""price_modifier"": 0}, {""value"": ""3 x 3 x 3.5 inch"", ""label"": ""3 x 3 x 3.5 inch"", ""price_modifier"": 0}, {""value"": ""4 x 4 x 3 inch"", ""label"": ""4 x 4 x 3 inch"", ""price_modifier"": 0}, {""value"": ""Custom Size"", ""label"": ""Custom Size"", ""price_modifier"": 0}]"
86,Custom Paper Boxes,Paper Boxes,1235,Select Paper Type,select_paper_type,select,True,2,True,"[{""value"": ""300 gsm Board (Matt Finish)"", ""label"": ""300 gsm Board (Matt Finish)"", ""price_modifier"": 0}, {""value"": ""300 gsm Board (Gloss Finish)"", ""label"": ""300 gsm Board (Gloss Finish)"", ""price_modifier"": 0}, {""value"": ""300 gsm Board (Spot UV)"", ""label"": ""300 gsm Board (Spot UV)"", ""price_modifier"": 0}, {""value"": ""300 gsm Board (Raised Foiling)"", ""label"": ""300 gsm Board (Raised Foiling)"", ""price_modifier"": 0}]"
86,Custom Paper Boxes,Paper Boxes,1236,Foil Colour,foil_colour,select,True,3,True,"[{""value"": ""Gold Foil"", ""label"": ""Gold Foil"", ""price_modifier"": 0}, {""value"": ""Silver Foil"", ""label"": ""Silver Foil"", ""price_modifier"": 0}]"
86,Custom Paper Boxes,Paper Boxes,1237,Qty.,qty,select,True,4,True,"[{""value"": ""100"", ""label"": ""100"", ""price_modifier"": 0}, {""value"": ""200"", ""label"": ""200"", ""price_modifier"": 0}, {""value"": ""300"", ""label"": ""300"", ""price_modifier"": 0}, {""value"": ""400"", ""label"": ""400"", ""price_modifier"": 0}, {""value"": ""500"", ""label"": ""500"", ""price_modifier"": 0}]"
92,Custom Stickers,Paper Boxes,976,Paper Type,paper,select,True,1,True,"[{""value"": ""Chromolabel (Paper)"", ""label"": ""Chromolabel (Paper)"", ""price_modifier"": 0}, {""value"": ""Transparent PVC"", ""label"": ""Transparent PVC"", ""price_modifier"": 50}, {""value"": ""White Vinyl"", ""label"": ""White Vinyl"", ""price_modifier"": 60}]"
92,Custom Stickers,Paper Boxes,977,Finishing,finish,select,False,2,True,"[{""value"": ""Kiss Cut"", ""label"": ""Kiss Cut"", ""price_modifier"": 10}, {""value"": ""Die Cut"", ""label"": ""Die Cut"", ""price_modifier"": 20}]"
92,Custom Stickers,Paper Boxes,978,Quantity,quantity,number,True,10,False,
88,Hang Tags,Paper Boxes,1238,Select Shape,select_shape,select,True,1,True,"[{""value"": ""Normal"", ""label"": ""Normal"", ""price_modifier"": 0}, {""value"": ""Classic"", ""label"": ""Classic"", ""price_modifier"": 0}, {""value"": ""Round"", ""label"": ""Round"", ""price_modifier"": 0}, {""value"": ""Other"", ""label"": ""Other"", ""price_modifier"": 0}]"
88,Hang Tags,Paper Boxes,1239,Size,size,select,True,2,True,"[{""value"": ""2 x 3.5 inch"", ""label"": ""2 x 3.5 inch"", ""price_modifier"": 0}, {""value"": ""2.5 x 2.5 inch"", ""label"": ""2.5 x 2.5 inch"", ""price_modifier"": 0}, {""value"": ""2.5 x 4 inch"", ""label"": ""2.5 x 4 inch"", ""price_modifier"": 0}, {""value"": ""2.5 x 5 inch"", ""label"": ""2.5 x 5 inch"", ""price_modifier"": 0}, {""value"": ""3.5 x 4.5 inch"", ""label"": ""3.5 x 4.5 inch"", ""price_modifier"": 0}, {""value"": ""2.5 x 3 inch"", ""label"": ""2.5 x 3 inch"", ""price_modifier"": 0}, {""value"": ""1 x 4 inch"", ""label"": ""1 x 4 inch"", ""price_modifier"": 0}, {""value"": ""2 x 2 inch"", ""label"": ""2 x 2 inch"", ""price_modifier"": 0}, {""value"": ""2.75 x 4.25 inch"", ""label"": ""2.75 x 4.25 inch"", ""price_modifier"": 0}, {""value"": ""Other Size"", ""label"": ""Other Size"", ""price_modifier"": 0}]"
88,Hang Tags,Paper Boxes,1240,Paper Qualit,paper_qualit,select,True,3,True,"[{""value"": ""300 gsm Standard Art Board"", ""label"": ""300 gsm Standard Art Board"", ""price_modifier"": 0}, {""value"": ""400 gsm Standard Art Board"", ""label"": ""400 gsm Standard Art Board"", ""price_modifier"": 0}]"
88,Hang Tags,Paper Boxes,1241,Printed Side,printed_side,select,True,4,True,"[{""value"": ""Single Side"", ""label"": ""Single Side"", ""price_modifier"": 0}, {""value"": ""Both Side"", ""label"": ""Both Side"", ""price_modifier"": 0}]"
87,Kraft Paper Product Box,Paper Boxes,1118,Paper Quality,paper_quality,select,True,1,True,"[{""value"": ""320gsm Kraft Board (with White)"", ""label"": ""320gsm Kraft Board (with White)"", ""price_modifier"": 0}]"
87,Kraft Paper Product Box,Paper Boxes,1119,Size,size,select,True,2,True,"[{""value"": ""1.5 x 1.5 x 4"", ""label"": ""1.5 x 1.5 x 4"", ""price_modifier"": 0}, {""value"": ""2 x 2 x 2"", ""label"": ""2 x 2 x 2"", ""price_modifier"": 0}, {""value"": ""3 x 3 x 3.5"", ""label"": ""3 x 3 x 3.5"", ""price_modifier"": 0}, {""value"": ""4 x 4 x 3"", ""label"": ""4 x 4 x 3"", ""price_modifier"": 0}, {""value"": ""Custom Size"", ""label"": ""Custom Size"", ""price_modifier"": 0}]"
87,Kraft Paper Product Box,Paper Boxes,1120,Quantity,quantity,select,True,3,True,"[{""value"": ""50"", ""label"": ""50"", ""price_modifier"": 0}, {""value"": ""100"", ""label"": ""100"", ""price_modifier"": 0}, {""value"": ""150"", ""label"": ""150"", ""price_modifier"": 0}, {""value"": ""200"", ""label"": ""200"", ""price_modifier"": 0}, {""value"": ""250"", ""label"": ""250"", ""price_modifier"": 0}, {""value"": ""300"", ""label"": ""300"", ""price_modifier"": 0}, {""value"": ""400"", ""label"": ""400"", ""price_modifier"": 0}, {""value"": ""500"", ""label"": ""500"", ""price_modifier"": 0}, {""value"": ""600"", ""label"": ""600"", ""price_modifier"": 0}, {""value"": ""750"", ""label"": ""750"", ""price_modifier"": 0}, {""value"": ""1000"", ""label"": ""1000"", ""price_modifier"": 0}, {""value"": ""1500"", ""label"": ""1500"", ""price_modifier"": 0}, {""value"": ""2000"", ""label"": ""2000"", ""price_modifier"": 0}, {""value"": ""3000"", ""label"": ""3000"", ""price_modifier"": 0}, {""value"": ""4000"", ""label"": ""4000"", ""price_modifier"": 0}, {""value"": ""5000"", ""label"": ""5000"", ""price_modifier"": 0}, {""value"": ""7500"", ""label"": ""7500"", ""price_modifier"": 0}, {""value"": ""10000"", ""label"": ""10000"", ""price_modifier"": 0}]"
85,Paper Bag,Paper Boxes,1242,Size,size,select,True,1,True,"[{""value"": ""Small - 6 x 4 x 9 inch"", ""label"": ""Small - 6 x 4 x 9 inch"", ""price_modifier"": 0}, {""value"": ""Medium - 9 x 8.25 x 7.5 inch"", ""label"": ""Medium - 9 x 8.25 x 7.5 inch"", ""price_modifier"": 0}, {""value"": ""Big - 12 x 5 x 9 inch"", ""label"": ""Big - 12 x 5 x 9 inch"", ""price_modifier"": 0}, {""value"": ""Other Size"", ""label"": ""Other Size"", ""price_modifier"": 0}]"
85,Paper Bag,Paper Boxes,1243,Print Color,print_color,select,True,2,True,"[{""value"": ""Single Color"", ""label"": ""Single Color"", ""price_modifier"": 0}, {""value"": ""Four Color"", ""label"": ""Four Color"", ""price_modifier"": 0}]"
85,Paper Bag,Paper Boxes,1244,Paper Quality,paper_quality,select,True,3,True,"[{""value"": ""120 gsm White Paper"", ""label"": ""120 gsm White Paper"", ""price_modifier"": 0}, {""value"": ""130 gsm White Art Paper"", ""label"": ""130 gsm White Art Paper"", ""price_modifier"": 0}, {""value"": ""170 gsm White Art Paper"", ""label"": ""170 gsm White Art Paper"", ""price_modifier"": 0}]"
85,Paper Bag,Paper Boxes,1245,Printed Side,printed_side,select,True,4,True,"[{""value"": ""Both Side"", ""label"": ""Both Side"", ""price_modifier"": 0}]"
85,Paper Bag,Paper Boxes,1246,Qty.,qty,select,True,5,True,"[{""value"": ""100"", ""label"": ""100"", ""price_modifier"": 0}, {""value"": ""200"", ""label"": ""200"", ""price_modifier"": 0}, {""value"": ""300"", ""label"": ""300"", ""price_modifier"": 0}, {""value"": ""400"", ""label"": ""400"", ""price_modifier"": 0}, {""value"": ""500"", ""label"": ""500"", ""price_modifier"": 0}]"
93,Product Labels,Paper Boxes,1121,Shape,shape,select,True,1,True,"[{""value"": ""Round"", ""label"": ""Round"", ""price_modifier"": 0}, {""value"": ""Square / Rectangle"", ""label"": ""Square / Rectangle"", ""price_modifier"": 0}, {""value"": ""Oval"", ""label"": ""Oval"", ""price_modifier"": 0}, {""value"": ""Custom/Any Shape"", ""label"": ""Custom/Any Shape"", ""price_modifier"": 0}, {""value"": ""Arch"", ""label"": ""Arch"", ""price_modifier"": 0}, {""value"": ""Heart"", ""label"": ""Heart"", ""price_modifier"": 0}]"
93,Product Labels,Paper Boxes,1122,Format,format,select,True,2,True,"[{""value"": ""Supplied in Sheets"", ""label"": ""Supplied in Sheets"", ""price_modifier"": 0}]"
93,Product Labels,Paper Boxes,1123,Size,size,select,True,3,True,"[{""value"": ""2in x 2in"", ""label"": ""2in x 2in"", ""price_modifier"": 0}, {""value"": ""1in x 1in"", ""label"": ""1in x 1in"", ""price_modifier"": 0}, {""value"": ""1in x 2in"", ""label"": ""1in x 2in"", ""price_modifier"": 0}, {""value"": ""1.5in x 1.5in"", ""label"": ""1.5in x 1.5in"", ""price_modifier"": 0}, {""value"": ""1.5in x 3in"", ""label"": ""1.5in x 3in"", ""price_modifier"": 0}, {""value"": ""2in x 3in"", ""label"": ""2in x 3in"", ""price_modifier"": 0}, {""value"": ""2in x 4in"", ""label"": ""2in x 4in"", ""price_modifier"": 0}, {""value"": ""2.5in x 2.5in"", ""label"": ""2.5in x 2.5in"", ""price_modifier"": 0}, {""value"": ""2.5in x 4in"", ""label"": ""2.5in x 4in"", ""price_modifier"": 0}, {""value"": ""3in x 3in"", ""label"": ""3in x 3in"", ""price_modifier"": 0}, {""value"": ""3in x 4in"", ""label"": ""3in x 4in"", ""price_modifier"": 0}, {""value"": ""3in x 6in"", ""label"": ""3in x 6in"", ""price_modifier"": 0}, {""value"": ""3in x 8in"", ""label"": ""3in x 8in"", ""price_modifier"": 0}, {""value"": ""4in x 4in"", ""label"": ""4in x 4in"", ""price_modifier"": 0}, {""value"": ""4in x 6in"", ""label"": ""4in x 6in"", ""price_modifier"": 0}, {""value"": ""4in x 8in"", ""label"": ""4in x 8in"", ""price_modifier"": 0}, {""value"": ""6in x 6in"", ""label"": ""6in x 6in"", ""price_modifier"": 0}, {""value"": ""Custom Size"", ""label"": ""Custom Size"", ""price_modifier"": 0}]"
93,Product Labels,Paper Boxes,1124,Quantity,quantity,select,True,4,True,"[{""value"": ""25"", ""label"": ""25"", ""price_modifier"": 0}, {""value"": ""50"", ""label"": ""50"", ""price_modifier"": 0}, {""value"": ""100"", ""label"": ""100"", ""price_modifier"": 0}, {""value"": ""200"", ""label"": ""200"", ""price_modifier"": 0}, {""value"": ""300"", ""label"": ""300"", ""price_modifier"": 0}, {""value"": ""400"", ""label"": ""400"", ""price_modifier"": 0}, {""value"": ""500"", ""label"": ""500"", ""price_modifier"": 0}, {""value"": ""750"", ""label"": ""750"", ""price_modifier"": 0}, {""value"": ""1000"", ""label"": ""1000"", ""price_modifier"": 0}, {""value"": ""1250"", ""label"": ""1250"", ""price_modifier"": 0}, {""value"": ""1500"", ""label"": ""1500"", ""price_modifier"": 0}, {""value"": ""2000"", ""label"": ""2000"", ""price_modifier"": 0}, {""value"": ""3000"", ""label"": ""3000"", ""price_modifier"": 0}, {""value"": ""4000"", ""label"": ""4000"", ""price_modifier"": 0}, {""value"": ""5000"", ""label"": ""5000"", ""price_modifier"": 0}, {""value"": ""7500"", ""label"": ""7500"", ""price_modifier"": 0}, {""value"": ""10000"", ""label"": ""10000"", ""price_modifier"": 0}, {""value"": ""20000"", ""label"": ""20000"", ""price_modifier"": 0}]"
94,Rectangle Stickers,Paper Boxes,1125,Shape,shape,select,True,1,True,"[{""value"": ""Square / Rectangle"", ""label"": ""Square / Rectangle"", ""price_modifier"": 0}]"
94,Rectangle Stickers,Paper Boxes,1126,Format,format,select,True,2,True,"[{""value"": ""Supplied in Sheets"", ""label"": ""Supplied in Sheets"", ""price_modifier"": 0}]"
94,Rectangle Stickers,Paper Boxes,1127,Size,size,select,True,3,True,"[{""value"": ""2\"" Square (5.08cm)"", ""label"": ""2\"" Square (5.08cm)"", ""price_modifier"": 0}, {""value"": ""1\"" Square (2.54cm)"", ""label"": ""1\"" Square (2.54cm)"", ""price_modifier"": 0}, {""value"": ""1in x 2in"", ""label"": ""1in x 2in"", ""price_modifier"": 0}, {""value"": ""1.5\"" Square (3.81cm)"", ""label"": ""1.5\"" Square (3.81cm)"", ""price_modifier"": 0}, {""value"": ""1.5in x 3in"", ""label"": ""1.5in x 3in"", ""price_modifier"": 0}, {""value"": ""2in x 3in"", ""label"": ""2in x 3in"", ""price_modifier"": 0}, {""value"": ""2in x 4in"", ""label"": ""2in x 4in"", ""price_modifier"": 0}, {""value"": ""2.5\"" Square (6.35cm)"", ""label"": ""2.5\"" Square (6.35cm)"", ""price_modifier"": 0}, {""value"": ""2.5in x 4in"", ""label"": ""2.5in x 4in"", ""price_modifier"": 0}, {""value"": ""3\"" Square (7.62cm)"", ""label"": ""3\"" Square (7.62cm)"", ""price_modifier"": 0}, {""value"": ""3in x 4in"", ""label"": ""3in x 4in"", ""price_modifier"": 0}, {""value"": ""3in x 6in"", ""label"": ""3in x 6in"", ""price_modifier"": 0}, {""value"": ""3in x 8in"", ""label"": ""3in x 8in"", ""price_modifier"": 0}, {""value"": ""4\"" Square (10.16cm)"", ""label"": ""4\"" Square (10.16cm)"", ""price_modifier"": 0}, {""value"": ""4in x 6in"", ""label"": ""4in x 6in"", ""price_modifier"": 0}, {""value"": ""4in x 8in"", ""label"": ""4in x 8in"", ""price_modifier"": 0}, {""value"": ""4.1in x 5.8in - A6 Size"", ""label"": ""4.1in x 5.8in - A6 Size"", ""price_modifier"": 0}, {""value"": ""5.8in x 8.3in - A5 Size"", ""label"": ""5.8in x 8.3in - A5 Size"", ""price_modifier"": 0}, {""value"": ""8.3in x 11.7in - A4 Size"", ""label"": ""8.3in x 11.7in - A4 Size"", ""price_modifier"": 0}, {""value"": ""Custom Size"", ""label"": ""Custom Size"", ""price_modifier"": 0}]"
94,Rectangle Stickers,Paper Boxes,1128,Quantity,quantity,select,True,4,True,"[{""value"": ""25"", ""label"": ""25"", ""price_modifier"": 0}, {""value"": ""50"", ""label"": ""50"", ""price_modifier"": 0}, {""value"": ""100"", ""label"": ""100"", ""price_modifier"": 0}, {""value"": ""200"", ""label"": ""200"", ""price_modifier"": 0}, {""value"": ""300"", ""label"": ""300"", ""price_modifier"": 0}, {""value"": ""400"", ""label"": ""400"", ""price_modifier"": 0}, {""value"": ""500"", ""label"": ""500"", ""price_modifier"": 0}, {""value"": ""750"", ""label"": ""750"", ""price_modifier"": 0}, {""value"": ""1000"", ""label"": ""1000"", ""price_modifier"": 0}, {""value"": ""1250"", ""label"": ""1250"", ""price_modifier"": 0}, {""value"": ""1500"", ""label"": ""1500"", ""price_modifier"": 0}, {""value"": ""2000"", ""label"": ""2000"", ""price_modifier"": 0}, {""value"": ""3000"", ""label"": ""3000"", ""price_modifier"": 0}, {""value"": ""4000"", ""label"": ""4000"", ""price_modifier"": 0}, {""value"": ""5000"", ""label"": ""5000"", ""price_modifier"": 0}, {""value"": ""7500"", ""label"": ""7500"", ""price_modifier"": 0}, {""value"": ""10000"", ""label"": ""10000"", ""price_modifier"": 0}, {""value"": ""20000"", ""label"": ""20000"", ""price_modifier"": 0}, {""value"": ""30000"", ""label"": ""30000"", ""price_modifier"": 0}, {""value"": ""40000"", ""label"": ""40000"", ""price_modifier"": 0}, {""value"": ""50000"", ""label"": ""50000"", ""price_modifier"": 0}, {""value"": ""75000"", ""label"": ""75000"", ""price_modifier"": 0}, {""value"": ""100000"", ""label"": ""100000"", ""price_modifier"": 0}, {""value"": ""200000"", ""label"": ""200000"", ""price_modifier"": 0}, {""value"": ""350000"", ""label"": ""350000"", ""price_modifier"": 0}, {""value"": ""500000"", ""label"": ""500000"", ""price_modifier"": 0}]"
95,Square Stickers,Paper Boxes,985,Paper Type,paper,select,True,1,True,"[{""value"": ""Chromolabel (Paper)"", ""label"": ""Chromolabel (Paper)"", ""price_modifier"": 0}, {""value"": ""Transparent PVC"", ""label"": ""Transparent PVC"", ""price_modifier"": 50}, {""value"": ""White Vinyl"", ""label"": ""White Vinyl"", ""price_modifier"": 60}]"
95,Square Stickers,Paper Boxes,986,Finishing,finish,select,False,2,True,"[{""value"": ""Kiss Cut"", ""label"": ""Kiss Cut"", ""price_modifier"": 10}, {""value"": ""Die Cut"", ""label"": ""Die Cut"", ""price_modifier"": 20}]"
95,Square Stickers,Paper Boxes,987,Quantity,quantity,number,True,10,False,
96,Warning Labels,Paper Boxes,1139,Shape,shape,select,True,1,True,"[{""value"": ""Round"", ""label"": ""Round"", ""price_modifier"": 0}, {""value"": ""Square / Rectangle"", ""label"": ""Square / Rectangle"", ""price_modifier"": 0}, {""value"": ""Round Edge Square/ Rectangle"", ""label"": ""Round Edge Square/ Rectangle"", ""price_modifier"": 0}, {""value"": ""Oval"", ""label"": ""Oval"", ""price_modifier"": 0}, {""value"": ""Custom/Any Shape"", ""label"": ""Custom/Any Shape"", ""price_modifier"": 0}, {""value"": ""Scallop"", ""label"": ""Scallop"", ""price_modifier"": 0}]"
96,Warning Labels,Paper Boxes,1140,Format,format,select,True,2,True,"[{""value"": ""Fully Die-Cut in Individual Pieces"", ""label"": ""Fully Die-Cut in Individual Pieces"", ""price_modifier"": 0}, {""value"": ""Supplied in Sheets"", ""label"": ""Supplied in Sheets"", ""price_modifier"": 0}]"
96,Warning Labels,Paper Boxes,1141,Size,size,select,True,3,True,"[{""value"": ""2\"" x 2\"""", ""label"": ""2\"" x 2\"""", ""price_modifier"": 0}, {""value"": ""1\"" x 1\"""", ""label"": ""1\"" x 1\"""", ""price_modifier"": 0}, {""value"": ""1\"" x 2\"""", ""label"": ""1\"" x 2\"""", ""price_modifier"": 0}, {""value"": ""1.5\"" x 1.5\"""", ""label"": ""1.5\"" x 1.5\"""", ""price_modifier"": 0}, {""value"": ""1.5\"" x 3\"""", ""label"": ""1.5\"" x 3\"""", ""price_modifier"": 0}, {""value"": ""2\"" x 3\"""", ""label"": ""2\"" x 3\"""", ""price_modifier"": 0}, {""value"": ""2\"" x 4\"""", ""label"": ""2\"" x 4\"""", ""price_modifier"": 0}, {""value"": ""2.5\"" x 2.5\"""", ""label"": ""2.5\"" x 2.5\"""", ""price_modifier"": 0}, {""value"": ""2.5\"" x 4\"""", ""label"": ""2.5\"" x 4\"""", ""price_modifier"": 0}, {""value"": ""3\"" x 3\"""", ""label"": ""3\"" x 3\"""", ""price_modifier"": 0}, {""value"": ""3\"" x 4\"""", ""label"": ""3\"" x 4\"""", ""price_modifier"": 0}, {""value"": ""3\"" x 6\"""", ""label"": ""3\"" x 6\"""", ""price_modifier"": 0}, {""value"": ""3\"" x 8\"""", ""label"": ""3\"" x 8\"""", ""price_modifier"": 0}, {""value"": ""4\"" x 4\"""", ""label"": ""4\"" x 4\"""", ""price_modifier"": 0}, {""value"": ""4\"" x 6\"""", ""label"": ""4\"" x 6\"""", ""price_modifier"": 0}, {""value"": ""4\"" x 8\"""", ""label"": ""4\"" x 8\"""", ""price_modifier"": 0}, {""value"": ""4.1\"" x 5.8\""- A6 Size"", ""label"": ""4.1\"" x 5.8\""- A6 Size"", ""price_modifier"": 0}, {""value"": ""5.8\"" x 8.3\""- A5 Size"", ""label"": ""5.8\"" x 8.3\""- A5 Size"", ""price_modifier"": 0}, {""value"": ""8.3\"" x 11.7\""- A4 Size"", ""label"": ""8.3\"" x 11.7\""- A4 Size"", ""price_modifier"": 0}, {""value"": ""Custom Size"", ""label"": ""Custom Size"", ""price_modifier"": 0}]"
96,Warning Labels,Paper Boxes,1142,Quantity,quantity,select,True,4,True,"[{""value"": ""25"", ""label"": ""25"", ""price_modifier"": 0}, {""value"": ""50"", ""label"": ""50"", ""price_modifier"": 0}, {""value"": ""100"", ""label"": ""100"", ""price_modifier"": 0}, {""value"": ""200"", ""label"": ""200"", ""price_modifier"": 0}, {""value"": ""300"", ""label"": ""300"", ""price_modifier"": 0}, {""value"": ""400"", ""label"": ""400"", ""price_modifier"": 0}, {""value"": ""500"", ""label"": ""500"", ""price_modifier"": 0}, {""value"": ""750"", ""label"": ""750"", ""price_modifier"": 0}, {""value"": ""1000"", ""label"": ""1000"", ""price_modifier"": 0}, {""value"": ""1250"", ""label"": ""1250"", ""price_modifier"": 0}, {""value"": ""1500"", ""label"": ""1500"", ""price_modifier"": 0}, {""value"": ""2000"", ""label"": ""2000"", ""price_modifier"": 0}, {""value"": ""3000"", ""label"": ""3000"", ""price_modifier"": 0}, {""value"": ""4000"", ""label"": ""4000"", ""price_modifier"": 0}, {""value"": ""5000"", ""label"": ""5000"", ""price_modifier"": 0}, {""value"": ""7500"", ""label"": ""7500"", ""price_modifier"": 0}, {""value"": ""10000"", ""label"": ""10000"", ""price_modifier"": 0}, {""value"": ""20000"", ""label"": ""20000"", ""price_modifier"": 0}]"
96,Warning Labels,Paper Boxes,1143,Cutting,cutting,select,True,5,True,"[{""value"": ""Fully Die-Cut in Individual Pieces"", ""label"": ""Fully Die-Cut in Individual Pieces"", ""price_modifier"": 0}, {""value"": ""Supplied in Sheets"", ""label"": ""Supplied in Sheets"", ""price_modifier"": 0}]"
72,Black & White Bill Book,Stationery,1210,Book Type,book_type,select,True,1,True,"[{""value"": ""Original + Duplicate"", ""label"": ""Original + Duplicate"", ""price_modifier"": 0}, {""value"": ""Original + 1 Duplicate"", ""label"": ""Original + 1 Duplicate"", ""price_modifier"": 0}, {""value"": ""Original + 2 Duplicate"", ""label"": ""Original + 2 Duplicate"", ""price_modifier"": 0}, {""value"": ""Original + 3 Duplicate"", ""label"": ""Original + 3 Duplicate"", ""price_modifier"": 0}]"
72,Black & White Bill Book,Stationery,1211,1 st Duplicate Sheet Colour,1_st_duplicate_sheet_colour,select,True,2,True,"[{""value"": ""Pink"", ""label"": ""Pink"", ""price_modifier"": 0}, {""value"": ""Yellow"", ""label"": ""Yellow"", ""price_modifier"": 0}, {""value"": ""Light Green"", ""label"": ""Light Green"", ""price_modifier"": 0}, {""value"": ""Light Blue"", ""label"": ""Light Blue"", ""price_modifier"": 0}]"
72,Black & White Bill Book,Stationery,1212,2 nd Duplicate Sheet Colour,2_nd_duplicate_sheet_colour,select,True,3,True,"[{""value"": ""Pink"", ""label"": ""Pink"", ""price_modifier"": 0}, {""value"": ""Yellow"", ""label"": ""Yellow"", ""price_modifier"": 0}, {""value"": ""Light Green"", ""label"": ""Light Green"", ""price_modifier"": 0}, {""value"": ""Light Blue"", ""label"": ""Light Blue"", ""price_modifier"": 0}]"
72,Black & White Bill Book,Stationery,1213,3rd Duplicate Sheet Colour,3rd_duplicate_sheet_colour,select,True,4,True,"[{""value"": ""Pink"", ""label"": ""Pink"", ""price_modifier"": 0}, {""value"": ""Yellow"", ""label"": ""Yellow"", ""price_modifier"": 0}, {""value"": ""Light Green"", ""label"": ""Light Green"", ""price_modifier"": 0}, {""value"": ""Light Blue"", ""label"": ""Light Blue"", ""price_modifier"": 0}]"
72,Black & White Bill Book,Stationery,1214,Invoice Numbering,invoice_numbering,select,True,5,True,"[{""value"": ""With Invoice Number"", ""label"": ""With Invoice Number"", ""price_modifier"": 0}, {""value"": ""Without Invoice Number"", ""label"": ""Without Invoice Number"", ""price_modifier"": 0}]"
72,Black & White Bill Book,Stationery,1215,Starting Inoice Number,starting_inoice_number,select,True,6,True,"[{""value"": ""No."", ""label"": ""No."", ""price_modifier"": 0}]"
72,Black & White Bill Book,Stationery,1216,Qty.,qty,select,True,7,True,"[{""value"": ""2"", ""label"": ""2"", ""price_modifier"": 0}, {""value"": ""5"", ""label"": ""5"", ""price_modifier"": 0}, {""value"": ""10"", ""label"": ""10"", ""price_modifier"": 0}, {""value"": ""15"", ""label"": ""15"", ""price_modifier"": 0}, {""value"": ""20"", ""label"": ""20"", ""price_modifier"": 0}]"
73,Colour Bill Book,Stationery,1217,Book Type,book_type,select,True,1,True,"[{""value"": ""Original + Duplicate"", ""label"": ""Original + Duplicate"", ""price_modifier"": 0}, {""value"": ""Original + 1 Duplicate"", ""label"": ""Original + 1 Duplicate"", ""price_modifier"": 0}, {""value"": ""Original + 2 Duplicate"", ""label"": ""Original + 2 Duplicate"", ""price_modifier"": 0}, {""value"": ""Original + 3 Duplicate"", ""label"": ""Original + 3 Duplicate"", ""price_modifier"": 0}]"
73,Colour Bill Book,Stationery,1218,1 st Duplicate Sheet Colour,1_st_duplicate_sheet_colour,select,True,2,True,"[{""value"": ""Pink"", ""label"": ""Pink"", ""price_modifier"": 0}, {""value"": ""Yellow"", ""label"": ""Yellow"", ""price_modifier"": 0}, {""value"": ""Light Green"", ""label"": ""Light Green"", ""price_modifier"": 0}, {""value"": ""Light Blue"", ""label"": ""Light Blue"", ""price_modifier"": 0}]"
73,Colour Bill Book,Stationery,1219,2 nd Duplicate Sheet Colour,2_nd_duplicate_sheet_colour,select,True,3,True,"[{""value"": ""Pink"", ""label"": ""Pink"", ""price_modifier"": 0}, {""value"": ""Yellow"", ""label"": ""Yellow"", ""price_modifier"": 0}, {""value"": ""Light Green"", ""label"": ""Light Green"", ""price_modifier"": 0}, {""value"": ""Light Blue"", ""label"": ""Light Blue"", ""price_modifier"": 0}]"
73,Colour Bill Book,Stationery,1220,3rd Duplicate Sheet Colour,3rd_duplicate_sheet_colour,select,True,4,True,"[{""value"": ""Pink"", ""label"": ""Pink"", ""price_modifier"": 0}, {""value"": ""Yellow"", ""label"": ""Yellow"", ""price_modifier"": 0}, {""value"": ""Light Green"", ""label"": ""Light Green"", ""price_modifier"": 0}, {""value"": ""Light Blue"", ""label"": ""Light Blue"", ""price_modifier"": 0}]"
73,Colour Bill Book,Stationery,1221,Invoice Numbering,invoice_numbering,select,True,5,True,"[{""value"": ""With Invoice Number"", ""label"": ""With Invoice Number"", ""price_modifier"": 0}, {""value"": ""Without Invoice Number"", ""label"": ""Without Invoice Number"", ""price_modifier"": 0}]"
73,Colour Bill Book,Stationery,1222,Starting Inoice Number,starting_inoice_number,select,True,6,True,"[{""value"": ""No."", ""label"": ""No."", ""price_modifier"": 0}]"
73,Colour Bill Book,Stationery,1223,Qty.,qty,select,True,7,True,"[{""value"": ""2"", ""label"": ""2"", ""price_modifier"": 0}, {""value"": ""5"", ""label"": ""5"", ""price_modifier"": 0}, {""value"": ""10"", ""label"": ""10"", ""price_modifier"": 0}, {""value"": ""15"", ""label"": ""15"", ""price_modifier"": 0}, {""value"": ""20"", ""label"": ""20"", ""price_modifier"": 0}]"
56,Corporate Letter Head,Stationery,1203,Size,size,select,True,1,True,"[{""value"": ""A-4"", ""label"": ""A-4"", ""price_modifier"": 0}]"
56,Corporate Letter Head,Stationery,1204,Paper Type,paper_type,select,True,2,True,"[{""value"": ""JK Excecl Bond Paper 100 Gsm"", ""label"": ""JK Excecl Bond Paper 100 Gsm"", ""price_modifier"": 0}, {""value"": ""DO Paper 100 Gsm"", ""label"": ""DO Paper 100 Gsm"", ""price_modifier"": 0}]"
56,Corporate Letter Head,Stationery,1205,Qty.,qty,select,True,3,True,"[{""value"": ""500"", ""label"": ""500"", ""price_modifier"": 0}, {""value"": ""1000"", ""label"": ""1000"", ""price_modifier"": 0}, {""value"": ""1500"", ""label"": ""1500"", ""price_modifier"": 0}, {""value"": ""2000"", ""label"": ""2000"", ""price_modifier"": 0}]"
56,Corporate Letter Head,Stationery,1268,Printed Sides,printed_sides,select,True,4,True,"[{""value"": ""Single Side"", ""label"": ""Single Side"", ""price_modifier"": 0}, {""value"": ""Both Sides"", ""label"": ""Both Sides"", ""price_modifier"": 0}]"
74,Document Printing,Stationery,927,Quantity,quantity,number,True,10,False,
99,Envelopes 10x 4.5,Stationery,1165,Size,size,select,True,1,True,"[{""value"": ""10 x 4.5"", ""label"": ""10 x 4.5"", ""price_modifier"": 0}]"
99,Envelopes 10x 4.5,Stationery,1166,Paper Type,paper_type,select,True,2,True,"[{""value"": ""80 Gsm"", ""label"": ""80 Gsm"", ""price_modifier"": 0}, {""value"": ""100 gsm"", ""label"": ""100 gsm"", ""price_modifier"": 0}, {""value"": ""120 gsm"", ""label"": ""120 gsm"", ""price_modifier"": 0}]"
99,Envelopes 10x 4.5,Stationery,1167,Printing,printing,select,True,3,True,"[{""value"": ""Black & White"", ""label"": ""Black & White"", ""price_modifier"": 0}, {""value"": ""Colour"", ""label"": ""Colour"", ""price_modifier"": 0}]"
99,Envelopes 10x 4.5,Stationery,1168,Qty.,qty,select,True,4,True,"[{""value"": ""100"", ""label"": ""100"", ""price_modifier"": 0}, {""value"": ""200"", ""label"": ""200"", ""price_modifier"": 0}, {""value"": ""300"", ""label"": ""300"", ""price_modifier"": 0}, {""value"": ""400"", ""label"": ""400"", ""price_modifier"": 0}, {""value"": ""500"", ""label"": ""500"", ""price_modifier"": 0}, {""value"": ""1000"", ""label"": ""1000"", ""price_modifier"": 0}, {""value"": ""2000"", ""label"": ""2000"", ""price_modifier"": 0}, {""value"": ""3000"", ""label"": ""3000"", ""price_modifier"": 0}]"
71,Envelopes A-3,Stationery,1169,Size,size,select,True,1,True,"[{""value"": ""A-3"", ""label"": ""A-3"", ""price_modifier"": 0}]"
71,Envelopes A-3,Stationery,1170,Paper Type,paper_type,select,True,2,True,"[{""value"": ""80 Gsm"", ""label"": ""80 Gsm"", ""price_modifier"": 0}, {""value"": ""100 gsm"", ""label"": ""100 gsm"", ""price_modifier"": 0}, {""value"": ""120 gsm"", ""label"": ""120 gsm"", ""price_modifier"": 0}]"
71,Envelopes A-3,Stationery,1171,Printing,printing,select,True,3,True,"[{""value"": ""Black & White"", ""label"": ""Black & White"", ""price_modifier"": 0}, {""value"": ""Colour"", ""label"": ""Colour"", ""price_modifier"": 0}]"
71,Envelopes A-3,Stationery,1172,Qty.,qty,select,True,4,True,"[{""value"": ""100"", ""label"": ""100"", ""price_modifier"": 0}, {""value"": ""200"", ""label"": ""200"", ""price_modifier"": 0}, {""value"": ""300"", ""label"": ""300"", ""price_modifier"": 0}, {""value"": ""400"", ""label"": ""400"", ""price_modifier"": 0}, {""value"": ""500"", ""label"": ""500"", ""price_modifier"": 0}, {""value"": ""1000"", ""label"": ""1000"", ""price_modifier"": 0}, {""value"": ""2000"", ""label"": ""2000"", ""price_modifier"": 0}, {""value"": ""3000"", ""label"": ""3000"", ""price_modifier"": 0}]"
70,Envelopes A-4,Stationery,1173,Size,size,select,True,1,True,"[{""value"": ""A-4"", ""label"": ""A-4"", ""price_modifier"": 0}]"
70,Envelopes A-4,Stationery,1174,Paper Type,paper_type,select,True,2,True,"[{""value"": ""80 Gsm"", ""label"": ""80 Gsm"", ""price_modifier"": 0}, {""value"": ""100 gsm"", ""label"": ""100 gsm"", ""price_modifier"": 0}, {""value"": ""120 gsm"", ""label"": ""120 gsm"", ""price_modifier"": 0}]"
70,Envelopes A-4,Stationery,1175,Printing,printing,select,True,3,True,"[{""value"": ""Black & White"", ""label"": ""Black & White"", ""price_modifier"": 0}, {""value"": ""Colour"", ""label"": ""Colour"", ""price_modifier"": 0}]"
70,Envelopes A-4,Stationery,1176,Qty.,qty,select,True,4,True,"[{""value"": ""100"", ""label"": ""100"", ""price_modifier"": 0}, {""value"": ""200"", ""label"": ""200"", ""price_modifier"": 0}, {""value"": ""300"", ""label"": ""300"", ""price_modifier"": 0}, {""value"": ""400"", ""label"": ""400"", ""price_modifier"": 0}, {""value"": ""500"", ""label"": ""500"", ""price_modifier"": 0}, {""value"": ""1000"", ""label"": ""1000"", ""price_modifier"": 0}, {""value"": ""2000"", ""label"": ""2000"", ""price_modifier"": 0}, {""value"": ""3000"", ""label"": ""3000"", ""price_modifier"": 0}]"
100,Envelopes A-5,Stationery,1177,Size,size,select,True,1,True,"[{""value"": ""A-5"", ""label"": ""A-5"", ""price_modifier"": 0}]"
100,Envelopes A-5,Stationery,1178,Paper Type,paper_type,select,True,2,True,"[{""value"": ""80 Gsm"", ""label"": ""80 Gsm"", ""price_modifier"": 0}, {""value"": ""100 gsm"", ""label"": ""100 gsm"", ""price_modifier"": 0}, {""value"": ""120 gsm"", ""label"": ""120 gsm"", ""price_modifier"": 0}]"
100,Envelopes A-5,Stationery,1179,Printing,printing,select,True,3,True,"[{""value"": ""Black & White"", ""label"": ""Black & White"", ""price_modifier"": 0}, {""value"": ""Colour"", ""label"": ""Colour"", ""price_modifier"": 0}]"
100,Envelopes A-5,Stationery,1180,Qty.,qty,select,True,4,True,"[{""value"": ""100"", ""label"": ""100"", ""price_modifier"": 0}, {""value"": ""200"", ""label"": ""200"", ""price_modifier"": 0}, {""value"": ""300"", ""label"": ""300"", ""price_modifier"": 0}, {""value"": ""400"", ""label"": ""400"", ""price_modifier"": 0}, {""value"": ""500"", ""label"": ""500"", ""price_modifier"": 0}, {""value"": ""1000"", ""label"": ""1000"", ""price_modifier"": 0}, {""value"": ""2000"", ""label"": ""2000"", ""price_modifier"": 0}, {""value"": ""3000"", ""label"": ""3000"", ""price_modifier"": 0}]"
101,Envelopes A-6,Stationery,1181,Size,size,select,True,1,True,"[{""value"": ""A-6"", ""label"": ""A-6"", ""price_modifier"": 0}]"
101,Envelopes A-6,Stationery,1182,Paper Type,paper_type,select,True,2,True,"[{""value"": ""80 Gsm"", ""label"": ""80 Gsm"", ""price_modifier"": 0}, {""value"": ""100 gsm"", ""label"": ""100 gsm"", ""price_modifier"": 0}, {""value"": ""120 gsm"", ""label"": ""120 gsm"", ""price_modifier"": 0}]"
101,Envelopes A-6,Stationery,1183,Printing,printing,select,True,3,True,"[{""value"": ""Black & White"", ""label"": ""Black & White"", ""price_modifier"": 0}, {""value"": ""Colour"", ""label"": ""Colour"", ""price_modifier"": 0}]"
101,Envelopes A-6,Stationery,1184,Qty.,qty,select,True,4,True,"[{""value"": ""100"", ""label"": ""100"", ""price_modifier"": 0}, {""value"": ""200"", ""label"": ""200"", ""price_modifier"": 0}, {""value"": ""300"", ""label"": ""300"", ""price_modifier"": 0}, {""value"": ""400"", ""label"": ""400"", ""price_modifier"": 0}, {""value"": ""500"", ""label"": ""500"", ""price_modifier"": 0}, {""value"": ""1000"", ""label"": ""1000"", ""price_modifier"": 0}, {""value"": ""2000"", ""label"": ""2000"", ""price_modifier"": 0}, {""value"": ""3000"", ""label"": ""3000"", ""price_modifier"": 0}]"
102,Event ID Cards,Stationery,1224,ID Card Finish,id_card_finish,select,True,1,True,"[{""value"": ""Matt Lamination"", ""label"": ""Matt Lamination"", ""price_modifier"": 0}, {""value"": ""Gloosy Lamination"", ""label"": ""Gloosy Lamination"", ""price_modifier"": 0}]"
102,Event ID Cards,Stationery,1225,Orientation,orientation,select,True,2,True,"[{""value"": ""Portrait"", ""label"": ""Portrait"", ""price_modifier"": 0}, {""value"": ""Landscape"", ""label"": ""Landscape"", ""price_modifier"": 0}]"
102,Event ID Cards,Stationery,1226,Print Location,print_location,select,True,3,True,"[{""value"": ""Front Side"", ""label"": ""Front Side"", ""price_modifier"": 0}, {""value"": ""Back Side"", ""label"": ""Back Side"", ""price_modifier"": 0}]"
102,Event ID Cards,Stationery,1227,Qty.,qty,select,True,4,True,"[{""value"": ""100"", ""label"": ""100"", ""price_modifier"": 0}, {""value"": ""200"", ""label"": ""200"", ""price_modifier"": 0}, {""value"": ""300"", ""label"": ""300"", ""price_modifier"": 0}, {""value"": ""400"", ""label"": ""400"", ""price_modifier"": 0}, {""value"": ""500"", ""label"": ""500"", ""price_modifier"": 0}, {""value"": ""1000"", ""label"": ""1000"", ""price_modifier"": 0}, {""value"": ""2000"", ""label"": ""2000"", ""price_modifier"": 0}, {""value"": ""3000"", ""label"": ""3000"", ""price_modifier"": 0}]"
104,Multicolour Lanyards,Stationery,1228,Attachment Type,attachment_type,select,True,1,True,"[{""value"": ""SD Lever Hook"", ""label"": ""SD Lever Hook"", ""price_modifier"": 0}]"
104,Multicolour Lanyards,Stationery,1229,Qty.,qty,select,True,2,True,"[{""value"": ""100"", ""label"": ""100"", ""price_modifier"": 0}, {""value"": ""200"", ""label"": ""200"", ""price_modifier"": 0}, {""value"": ""300"", ""label"": ""300"", ""price_modifier"": 0}, {""value"": ""400"", ""label"": ""400"", ""price_modifier"": 0}, {""value"": ""500"", ""label"": ""500"", ""price_modifier"": 0}, {""value"": ""1000"", ""label"": ""1000"", ""price_modifier"": 0}, {""value"": ""2000"", ""label"": ""2000"", ""price_modifier"": 0}, {""value"": ""3000"", ""label"": ""3000"", ""price_modifier"": 0}]"
103,PVC ID Cards,Stationery,1230,ID Card Finish,id_card_finish,select,True,1,True,"[{""value"": ""Matt Lamination"", ""label"": ""Matt Lamination"", ""price_modifier"": 0}, {""value"": ""Gloosy Lamination"", ""label"": ""Gloosy Lamination"", ""price_modifier"": 0}]"
103,PVC ID Cards,Stationery,1231,Orientation,orientation,select,True,2,True,"[{""value"": ""Portrait"", ""label"": ""Portrait"", ""price_modifier"": 0}, {""value"": ""Landscape"", ""label"": ""Landscape"", ""price_modifier"": 0}]"
103,PVC ID Cards,Stationery,1232,Print Location,print_location,select,True,3,True,"[{""value"": ""Front Side"", ""label"": ""Front Side"", ""price_modifier"": 0}, {""value"": ""Back Side"", ""label"": ""Back Side"", ""price_modifier"": 0}]"
103,PVC ID Cards,Stationery,1233,Qty.,qty,select,True,4,True,"[{""value"": ""100"", ""label"": ""100"", ""price_modifier"": 0}, {""value"": ""200"", ""label"": ""200"", ""price_modifier"": 0}, {""value"": ""300"", ""label"": ""300"", ""price_modifier"": 0}, {""value"": ""400"", ""label"": ""400"", ""price_modifier"": 0}, {""value"": ""500"", ""label"": ""500"", ""price_modifier"": 0}, {""value"": ""1000"", ""label"": ""1000"", ""price_modifier"": 0}, {""value"": ""2000"", ""label"": ""2000"", ""price_modifier"": 0}, {""value"": ""3000"", ""label"": ""3000"", ""price_modifier"": 0}]"
69,Standard Business Card,Stationery,1196,Printing Side,printing_side,select,True,1,True,"[{""value"": ""Front Side"", ""label"": ""Front Side"", ""price_modifier"": 0}, {""value"": ""Back Side"", ""label"": ""Back Side"", ""price_modifier"": 0}]"
69,Standard Business Card,Stationery,1197,Corner Style,corner_style,image_grid,True,2,True,"[{""value"": ""Straight Corners"", ""label"": ""Straight Corners"", ""price_modifier"": 0, ""image_url"": ""/static/images/corner-styles/straight-corners.svg""}, {""value"": ""Rounded Corners"", ""label"": ""Rounded Corners"", ""price_modifier"": 0, ""image_url"": ""/static/images/corner-styles/rounded-corners.svg""}]"
69,Standard Business Card,Stationery,1198,Lamination,lamination,select,True,3,True,"[{""value"": ""None"", ""label"": ""None"", ""price_modifier"": 0}, {""value"": ""Matt Lamnation"", ""label"": ""Matt Lamnation"", ""price_modifier"": 0}, {""value"": ""Gloss Lamnation"", ""label"": ""Gloss Lamnation"", ""price_modifier"": 0}]"
69,Standard Business Card,Stationery,1199,Qty.,qty,select,True,4,True,"[{""value"": ""200"", ""label"": ""200"", ""price_modifier"": 0}, {""value"": ""300"", ""label"": ""300"", ""price_modifier"": 0}, {""value"": ""400"", ""label"": ""400"", ""price_modifier"": 0}, {""value"": ""500"", ""label"": ""500"", ""price_modifier"": 0}, {""value"": ""600"", ""label"": ""600"", ""price_modifier"": 0}, {""value"": ""700"", ""label"": ""700"", ""price_modifier"": 0}, {""value"": ""800"", ""label"": ""800"", ""price_modifier"": 0}, {""value"": ""900"", ""label"": ""900"", ""price_modifier"": 0}, {""value"": ""1000"", ""label"": ""1000"", ""price_modifier"": 0}]"
55,Standard Letter Head,Stationery,1206,Size,size,select,True,1,True,"[{""value"": ""A-4"", ""label"": ""A-4"", ""price_modifier"": 0}]"
55,Standard Letter Head,Stationery,1207,Paper Type,paper_type,select,True,2,True,"[{""value"": ""JK Excecl Bond Paper 100 Gsm"", ""label"": ""JK Excecl Bond Paper 100 Gsm"", ""price_modifier"": 0}, {""value"": ""DO Paper 100 Gsm"", ""label"": ""DO Paper 100 Gsm"", ""price_modifier"": 0}]"
55,Standard Letter Head,Stationery,1208,Printed Sides,printed_sides,select,True,3,True,"[{""value"": ""Single Side"", ""label"": ""Single Side"", ""price_modifier"": 0}, {""value"": ""Both Side"", ""label"": ""Both Side"", ""price_modifier"": 0}]"
55,Standard Letter Head,Stationery,1209,Qty.,qty,select,True,4,True,"[{""value"": ""200"", ""label"": ""200"", ""price_modifier"": 0}, {""value"": ""300"", ""label"": ""300"", ""price_modifier"": 0}, {""value"": ""400"", ""label"": ""400"", ""price_modifier"": 0}, {""value"": ""500"", ""label"": ""500"", ""price_modifier"": 0}, {""value"": ""600"", ""label"": ""600"", ""price_modifier"": 0}, {""value"": ""700"", ""label"": ""700"", ""price_modifier"": 0}, {""value"": ""800"", ""label"": ""800"", ""price_modifier"": 0}, {""value"": ""900"", ""label"": ""900"", ""price_modifier"": 0}, {""value"": ""1000"", ""label"": ""1000"", ""price_modifier"": 0}]"
65,TEXTURE BUSINESS CARD,Stationery,1200,Paper Materials,paper_materials,select,True,1,True,"[{""value"": ""Fine Needle Point"", ""label"": ""Fine Needle Point"", ""price_modifier"": 0}, {""value"": ""Rendezvous Hi Print"", ""label"": ""Rendezvous Hi Print"", ""price_modifier"": 0}, {""value"": ""Contrast Ivory"", ""label"": ""Contrast Ivory"", ""price_modifier"": 0}, {""value"": ""Contrast N White"", ""label"": ""Contrast N White"", ""price_modifier"": 0}, {""value"": ""Contrast Laid White"", ""label"": ""Contrast Laid White"", ""price_modifier"": 0}, {""value"": ""Mermaid Linen"", ""label"": ""Mermaid Linen"", ""price_modifier"": 0}, {""value"": ""Leathack 85 White"", ""label"": ""Leathack 85 White"", ""price_modifier"": 0}, {""value"": ""Leathack 205 White"", ""label"": ""Leathack 205 White"", ""price_modifier"": 0}]"
65,TEXTURE BUSINESS CARD,Stationery,1201,Printing Side,printing_side,select,True,2,True,"[{""value"": ""Front Side"", ""label"": ""Front Side"", ""price_modifier"": 0}, {""value"": ""Back Side"", ""label"": ""Back Side"", ""price_modifier"": 0}]"
65,TEXTURE BUSINESS CARD,Stationery,1202,Qty.,qty,select,True,3,True,"[{""value"": ""200"", ""label"": ""200"", ""price_modifier"": 0}, {""value"": ""300"", ""label"": ""300"", ""price_modifier"": 0}, {""value"": ""400"", ""label"": ""400"", ""price_modifier"": 0}, {""value"": ""500"", ""label"": ""500"", ""price_modifier"": 0}, {""value"": ""600"", ""label"": ""600"", ""price_modifier"": 0}, {""value"": ""700"", ""label"": ""700"", ""price_modifier"": 0}, {""value"": ""800"", ""label"": ""800"", ""price_modifier"": 0}, {""value"": ""900"", ""label"": ""900"", ""price_modifier"": 0}, {""value"": ""1000"", ""label"": ""1000"", ""price_modifier"": 0}]"
